tweet,sentiment
 wow you quit no more pancakes ,0
 ill try i'm mad tired ,0
 i feel you my dude   ugghh it just sucked that we lost  and i was talking soooo much shit  lmfao  there's always next year,0
  at workdamn man lol,0
 i'm having the same day  some nice chap has put my email as the return address for a ton of spam  getting all the bounces ,0
 damn the way i can't even bug u cos my bb is in rehab ,0
 there were attempts to somehow extend inner classes which would be close to  can't find the ref atm ,0
 there's no where not incredibly trashy to hang out anymore  it is hard to meet ppl around here,0
 ha i know the feeling now might be a good time to sign up for entergy's level billing plan ,0
 i know how you feel gurl  i hope things get better,0
 well technically school's out for summer for most people but i have to take summer classes so my session begins tomorrow ,0
 can u send the orb down my way raining here again ,0
 yeah  especially poo that your husband somehow neither sees nor smells despite its proximity to his desk,0
 i am saddened by this  ,0
 your bound to miss him i'm liking this weather he had another rubbish sleep  ok now though,0
 in a good mood,1
 in case you missed it check the new love on the bloggety   leave comments to let me know what'ya think ,1
 is anyone as turned on as i am,1
 is doing alright this morning  &amp lovees calculating collapse ,1
 is it me or is jeremih a lil cutie    ,1
 is juss chillin' outz listenin' to dem mad tunes beautiful night n feelin' goooood n waitin' 4 cuz to come on over ,1
 isn't today a wonderful day,1
 it makes the format tighter i prefer it now  new to me then lol i only started getting &quotserious&quot about my writing,1
 sims 3 is pure awesomeness created simon cowell&ampterri seymour they're living in the same house haha,1
 sitting ion the garden with hayley drinking ciderlovely relax after yesterdaymy first day tomorrowohhhhhh,1
 sitting making cookies with my cuzzy,1
 sleeping is for losers  and people who arent vampires,1
 smile happy looks good on you  ,1
 smile that's what i'm doing i'm shining and blooming because i'm so happy  i just wanna dream of happy thoughts forever  hahaha,1
 smiley faces,1
 so excited,1
 so good so good,1
 so happy less than a week,1
 so many old but good movies on tv tonight national lampoons vacation then the princess bride wonder of i will ever get to bed,1
 so  i'm still curious as to this wholedavid thing,1
 sold another shirt on cafepress ,1
 i wov you,1
 í´m just happy although i have a few things in mind s damn u tricky mind of mine,1
 iam bored,1
 i'd rather have you and my girlfriend at my crib runnin round naked  girl gotta girlfriend on in bed nice work ,1
 if you end having to eat your words don't worry they taste like chicken  ,1
 ihop sounds good,1
 iï¿½m feeling greate ,1
 i'm doing shalah's nails wootness ,1
 im in such a good mood right now guys,1
 i'm like so on the radio right now    or 974fm if you are in  and wanna hear some  and me  x,1
 spoke at an urban youth conference (&quotreload '09&quot) this morning &amp now at riley's softball games then on to  for nightlight whew ,1
 starbucks tonight i love my dysfunctional family,1
 steak and shrimp i'm excited,1
 stray cats ~ stray cat strut â™« ,1
 study leave  finally,1
 subscribing to swoozie on youtube   and following  on twitter adds to your street cred ),1
 sunrise  worth waiting for ,1
 im not putting no weave inmy head though gonna have to deal w/ my short cut ,1
 i'm tiredgonna go to bed most probablyhah gonna watch some tv and then hit the hay ,1
 im up and iiiiiiiiiiiiimmmmmmmmm ready i'm ready i'm ready i'm ready i'm ready lol ,1
 im watchin taken again yay haha,1
 in a good mood anyway i love music,1
 in love with some guy who lives in miami fail,1
 in the lab right now cooking up sum farout ent hotness &gt admire greatness at it works ,1
 init woo lol wait can you see the videos on the side,1
 inky's eating crackers,1
 insomniac enjoying life @ 321am,1
 is finishing off the semester with less than a week remaining,1
 is going out to watford text me if you need me,1
 it went like this he asked and i smiled and said yes,1
 it's 6 pm i should go homegood bye work see you tomorrow ,1
 its a wiccan wedding too i love this show ,1
 it's always great to hear from old friendseven if it is late at night,1
 its gonna rain in so cal thunder and lightning are on the way,1
 it's manillusion's 4th birthday stop by for good offers candy and longer opening hours ,1
 its only bley friday  what will the weekend bring us this time  btw  cars in for mot  hope it will pass 1st time,1
 it's raining in hampton roads va &amp i love it i'm feeling like gene kelly &amp going out to rent some movies ,1
 it's such a nice day not doing much  but it's ok  we've finally got a tv remote  on demand  happiness on a notdoingalot day ,1
 it's time for kathleen to go to bed waaaaay past time don't expect to hear from me before noon lol  have a blessed morning ,1
 i've never been so excited for school before,1
 jbwckz today going into boston and staying over my uncles w my cousins i got the uninvited  fav movie  text kbye,1
 jimmy carey,1
 super tired photo shoot day 2 tommorow  i'm so exhausted ahhh,1
 talking while breathing in sounds really weird,1
 thank you,1
 thanks for all the birthday wishes,1
 thanks for the birthday dms,1
 thanks i love u did you ever notice the alarm doesn't know u want it to snooze,1
 that was a fun wedding the bar was exquisite,1
 that was fucking nutsill pass out soon right nighty night,1
 that went really well i love stacy,1
 thats great to hear btw what is your name,1
 'the apprentice' final tonight ,1
 the day don't look to bad now lol,1
 the final destination fd4  in 3d this race track idea was awesome  august &lt3,1
 the part where the fire blows the place up,1
 the result of a sunday night i really need a better camera though ,1
 there is a broken rainbow outside it's pretty and 1 good part of my night,1
 isn't beer just sparkling water with alcohol in it  ,1
 it aint even sun here yet we still sleepin on this side of the world but thank you ,1
 it doesn`t get any better than this  or does it  ,1
 it happens when you stop looking for it (and when you least expect it)  &lt3,1
 it is incredibly sexy watching douglas get ready to work at 5 as attractive as humanly possible ,1
 it's &quotinternational donut day&quot   it's strange but i just had one i never eat donuts have a good one,1
 it's a good day maybe i can go to adamzz,1
 it's all blue skies,1
 it's an ugly day,1
 it's because of me,1
 its nice to be carefree with my bestie we laugh and be ourselves i love it,1
 i've had enough twitter for today i'm gonna go feel all dejected and rejected in wow and then in front of the tv later all,1
 jus chillin,1
 just a thought,1
 just back from dancing ahh ballet was so hard my legs ache and we were so high in jazz and contemporary 3 hours of hilariousness ,1
 just figuring out this websitelol  sang at the daylilly festival earlier then goin 2 goin away party later,1
 just got back from church with pam,1
 just got home had fun with ac tomorrow is day 1 of my celeb image ,1
 just spent half an hour talking about the twilight saga  ha good thing there was no teacher around they had a faculty meeting ,1
 just spent the last couple hours catching up with nicole i missed her so much yey for summer &amp friends being home,1
 just watched the movie wanted it was pretty darn good,1
 just wrapping up the day day at work leaving in 20mins woohoo ,1
 katie herzig tweeted my tattoo of her &quotjenny lynn&quot lyrics  check it  and check out her music,1
 keeeeep following me thanks to new followers tell your friends/fam/strangers/followers to follow me  much luv,1
 kicking it with genesis being dramatic watching a chick flick this is highly entertaining surprisingly ,1
 la la la i love country music,1
 lalala i feel like taking a bubble bath i think i will,1
 landed safely but three hours late,1
 jonas brothers are gonna be on tomorrow jonas 4 episode marathon  ~ fly with me video ~ &lt3,1
 jus  came back from lavish lounge best tyme,1
 just  bathed spud he's all nice and pretty,1
 just did the gg quiz i got serenaa ( rawr haha,1
 just finished 10k run and already booking in for more in the coming months such fun,1
 just got all my packages from adorama b&amph photo and paul c buff,1
 just got done crying my eyes out to armageddonlol,1
 just got home from schoollll waitin for my momma to get home then goin to get 's cd  &lt3 exciteddd hahaha,1
 just noticed that it's   we all know what that means,1
 just sat in the library revising gfu5  such a nice day,1
 just the river by garth brooks it always makes the day better hearing that songi think the words are sooooo true ,1
 just up it's brillinat when you dont need to go into school promiised id bring the girls a starbucks for with their revision town,1
 just went to my grandma's house,1
 keeping it chilled,1
 kein stress â˜¼  please please hug berlin wall from me send it to my wallhuggers group on flickrcom or mauerandmorede thx,1
 they r playing  at tgif ,1
 thinking about school haha,1
 this shall be fun,1
 this weekend is goin` to be fun  hopefully as fun as last weekend i can`t shout ,1
 time has been so skewerd by this cold i have no idea when anything occurred anymore   but it's a happy life  *lol* ,1
 time to go back to bed ( is there such a thing as sleeping too much because i definitely did that this weekend ,1
 tired but it's all worth it 2 days,1
 today is a beautiful day love u all &lt3,1
 today is beautiful  &lt3,1
 today was a good day,1
 today was great for not including  my other favourite scott hurray for windy days at the beach and mexican food wit teh bestie,1
 last english lesson today i bet no ones going to turn up except for me _,1
 last minute 3hour session in the studiojust got done tired ,1
 life is good,1
 life is lifei am having my time of my life ,1
 love you lex,1
 love your crockpot &quotone week of easy crockpot desserts  associated content&quot (  ),1
 loved the first late night with conan ,1
 lub you too baby,1
 lucky beggar you are ,1
 too hot i want rain and everyone complains when it rains and now everyone complains coz it sunny,1
 toothache subsiding thank god for extra strength painkillers,1
 thats good to hear magic of saturdays i'm sure i will be once i can pull myself out of bed ,0
 sound good to me i haven't a clue what to do was thinking of going to see my friend but she lives out of town ,0
 first matchhome ground and they lost ,0
 glad you like them  your email didn't come through ,0
 that sucks you brought back the sars witcha ,0
 i work until 930ish on wednesday ,0
 slight issue in transferring oghr files bad need to recreate    it's coming eventually,0
 no i have to teach sunday afternoon ,0
 i'm sorry  please please please follow the doctor's directions  especially don't upset the packing on the teeth,0
 gee thanks ) chickens are good just about to clean them out this part of owning chickens makes me sad ,0
 away from the computer can't retrieve the link ,0
 yum cream soda wish i hadn't already blown my soda quota for the week  (hehsoda quotait rhymes),0
 omnigraffle crashes if i try to do that ,0
   you just had to _ me oh yeah sats   sigh den when can i kidnap you ,0
 hahah that's the same one i used to have too but it died on me ,0
 the belt clip doesn't rotate and it's not really easily usable  i can put it in my jeans pocket but it doesn't just slip in,0
 oh no i think i'm one of those people i have a missed +44 call ,0
 aaa now you're talking doar ca daca e 3d sar putea sa fie dublat which sucks ,0
 all good except for the little fact that i can't have any form of caffeine really sad about chocolates ,0
 a person who's genuinely interested in english filipino programming and teaching should make that paper oh wait that's me ,0
 moosa omg is that the african girl and shes really pretty face and awesome hair and im not lying  x,0
 i know she was second ,0
 awww it works ok for me but i have an apple laptop so it might be a little difference ,0
 ahaha i know ,0
 whyd would you want to get 100 followers ) )  i miss you  you dont reply anymore,0
 well my brother pushed me into a wall and i bashed my big toe when he pushed me and it really hurts ,0
 yeah but now i gotta retrain my fingers i used to look sooooo cool typing fast ,0
 d you don't have an entry this weeeeek i can't spam you ,0
 tengo miedo lmao omg u tweet now kool n u stopped following me not kool ,0
 the swedes are even crazier about it than we are they observe many old traditions we just drink and drown ,0
 sounds like you had a wonderful weekendwish i could've been there  ,0
 oh i'm sorta doin the same thingexcept no blogging or drinking ,0
 lol i'm mad you stole my baby pics  why they sticky,0
 the email dont work ,0
 that sure doeswas it someone in your actual class or in just in the program ,0
  germaine greer no2 no wonder there are so many transphobic cis women feminists then ,0
 ð¥ð¼ð¼ ð¯ ð±ñ‹ ñ‚ð¾ð¶ðµ ð½ðµ ð¾ñ‚ðºð°ð·ð°ð»ññ ð¿ð¾ð¿ñ€ð¾ð±ð¾ð²ð°ñ‚ñŒ ñðµð±ñ ð² ñðºð°ð»ð¾ð»ð°ð·ð°ð½ð¸ð¸ ð'ð¾ñ‚ ñ‚ð¾ð»ñŒðºð¾ ñƒ ð½ð°ñ ð²ð¾ ð›ñŒð²ð¾ð²ðµ ð¿ð¾ð´ð¾ð±ð½ñ‹ñ… ñðµðºñ†ð¸ð¹ ð½ð°ð²ðµñ€ð½ñðºð° ð½ðµñ‚ ,0
 i hate them so bad  the top underneath has singlet straps,0
 was going to be pride weekend thingy but i have a family thing i need to go to for an hour on the saturday  booo,0
  you really killin my dreams right now wats wrong with it ,0
 i installed 904 beta before  x11 bugs with intel chipsets made me downgrade ,0
 i don't think it's worth it i felt like i'd been bumped even when i watched it online ,0
 for some reason your message did not show up on my iphone feed sat &amp now i'm home  sorry to miss you,0
 i saw that few yrs ago  its sad to see how he went down  i like gary kasparov,0
 awww boo sorry    next time,0
 conditioner is much less soapy so you need to use much more of it which is a pain ,0
 oh that doesn't sound good  drink some hot water mixed with lemon &amp honey that always helps my throat,0
 i dnt think i am i didn't get any sleep last night ,0
 oh lolcuz none of my twitter peeps were showing me any love   at least u care thoughlol now i feel appreciated,0
 what the how the mine's not here yet ,0
   it looks amazing i wish i cud c it ,0
 not even superman can save me now ,0
 ima be in new york june 9th till july 2nd  then ima be in la where u guys from,0
 sucks i hope you get through this time these appstore stories always get me down ,0
 hope not  my first app and our longest approval ever,0
 at the beginning of the week i think actually gutted i don't have one ,0
 4real i wasn't invited tho i'm beefin  i'm hungry too all bad,0
 finally found it 'because  isnâ€™t just for twitter'   gee and i thought i was the 1st   lol,0
 hope he is alright ,0
 haha i kno rightwhat'z up missy&gt do i even kno you anymore ,0
 same here actually  hang in there hope a  helps a little goes a long way ),0
 i cannot read mandarin for nuts ,0
 dang babe atleast apologize for callin me a grown ass man when i'm a grown ass woman  thats kinda hurtful dude  ,0
 you got me ,0
 uh oh ,0
 so when the bnp takes over britain and white vans everywhere are forced to have union jacks on where do we go  ,0
 awwgirlmaybe you should see a doc if it still hurts tomorrow ,0
 yes but i slept for only 4 hours againnnnnnnnnnnn ,0
 nah i dint kno  why do i always miss out on this ,0
 no love for reality stars ,0
 i wanted to see you when you hosted at dover sooo bad but i was soooo sick  sucksss any plans on coming back to nj or ny,0
 ehh work sucks of course and i have the worst headache ever so not that great for me  how about you,0
 i'm cool just stupid tired  got so much to do but dont sweem to be gettin anywhere thurs/fri not gonna be fun lol,0
 have i mentioned that i dont even smoke anymore  i miss it all sooooooooooooooooooooooooooooooooooooo much,0
  awesome i used to do that but now i have so many equations i cant think of enough ,0
 are you going to london without me  i'm saad,0
 wish i could have made it ,0
 damn that sucks ,0
 no its a tooth i got root canal done on a year ago now ever since i get throbbing pains under my tooth every so often ,0
 just had one cant drink any more till after ive ran ,0
  yeah boo on the rain i was looking forward to grilling out we were even going to have grilled corn ,0
 i'm at the airport and i have no computer ,0
 just read that you'd commented about it he looks peculiar ,0
  o well ps aux kill 9 34176,0
 sigh i hear you on that one  i don't get how they can do that but it happens with me and my sister too   i'm glad she's ok,0
 some people don't care shopping is life for them lol i would too if i was able ,0
 sorry i missed you i'm cutting back on twittering would really really love to chatthings are hard as my next move nears ,0
 hall a keynote general sessions conn to javaone acess pt is good found 2 late wifi in pavilion sux  ,0
 it did b4 x'd out by mistake and now it wont  ,0
 uncool to ask ppl to retweet an affiliate link ,0
 not with you ,0
  no i didn't get to make it to atlanta i was so upset ,0
 never seen that error before sorry for the tech hell ,0
  first try doing it in firefox if it's still a prob please email support ,0
 sorry about your wallet hon hope it either shows up or a good samaritan hands it in to your bank/license&amptransport/the physio ,0
 they've got it locked in a truck so i probably can't go get it ,0
 aw poor carson  hopefully tomorrow will be better,0
 yay i think i found it and a few more ,0
 hawks are down by 13  ,0
 that's tragic news praying for the familiesjust awful ,0
 omg thats so sadim praying for them ,0
 looks like the reformers are losing outtoo bad ,0
 this is a really dismal headline ,0
  no it's just the child ha ha but it's  not activated yet still waiting on slow apple ,0
 ah now you come clean you'd like  &amp  then they hate pickles to and have been sharing the pickle hate ,0
 did they miss the &quotinvited guest&quot part sorry ,0
 thanks i was so happy to see sf today yay home but i'm still sad to not be at camp hope with my homies anymore ,0
  it will love you soon enough just 15 min mama,0
 nooo cuz ive seen that season so im waiting for the next oneee  i looove her,0
 ooh nice but williams sonoma already got to me ,0
 you got a toshiba  that's awesome  i wish i could afford a mac  ,0
 i will give that a whirl every time i try to take away redness i get green ,0
 poor thing she'll be ok it's so sad ,0
 hope things go well with your dad cori sorry to read this tweet ,0
 you and me both  unfortunately i won't be able to get the new iphone anyway   perhaps i can pick up a cheap 3g to replace my v1,0
 yep i'm down to my local o2 store this morning still on the 2g iphone  a big upgrade for me shame about the 2 yr contract tho ,0
 that was mean ,0
 totally agree that was my first thought  living on the edge tests resilience knowing for certain allows grieving &amp moving on,0
  that's no good    cars are so needed yet so annoying at the same time lol,0
 i really want to go out tonight but you're not here ,0
 don't understand how to use them ,0
 will miss you ,0
 okay  can i just have a hug  then i leave you with your wife (and i'll go to stalk elliot ),0
 its a damn shame that you were killed mate  but at lest your here in ghost form lol rip my sexy csu prince d,0
 i'm sorry you died ,0
 i did cry ,0
 missing was the prey so the cat didn't play ,0
 if you find one let me know after &quotphilly&quot shut down a few years ago it hasn't been the same around here ,0
 i have heard horror stories that when fios goes bad you lose tv internet and phone and takes too long to fix ,0
 i have symptoms idk i am going to ask ammon tomorrow if he came in me hopefully no ,0
 awwwww when can you go online ,0
 i miss you to buddy ,0
 no azeroth economy or dailies update today ,0
 tell me about it just installing xp sp3 which of course takes 50 years to install ,0
 what happen dear everything okay ,0
 whaaa i have love songs its not there ,0
 telling me link is not found damn interwebs ,0
 sorry we missed ya'll last night   have safe trip home  i'm in lobby come see me,0
 lol i'm like the girl waiting at the buses while everyone else is in vip inside the club lol sorry u r sick ,0
 it is so sad that i cant find it  nope not in my radio here at work either,0
 i am thinking bout my outfit for thursday don't know what the hell to wear ,0
  is not happy with me at the moment  sorry mani am not a patient person i had to sneak a look,0
  no i didnt go i didnt know about it   i actually had my friend jessica burn me a copy &amp now i cant find it i guess  ,0
 csi went down hill when warwick was killed not it is even worse with grissom ,0
  oh doenst sound good ,0
 crap that's actually more painful than just being told the ending  now i have to wait to see it,0
 thanks i'll stop at our macstore tomorrow they're closed today ,0
 i'm goood u don't know me anymore  i thought i was special  not my homie anymore  ,0
 had a 6 mnth active sub when annnouncement made contacted ncs but they ksaying i cant have one guess tc counts for nothing ,0
 lol i agree  ,0
 i miss you too  see i was supposed to come see you this wknd but then you went and made plans to go to nj  everything ok,0
 very cool can't wait to meet u  &amp i r leading some breakouts as well on wednesday but i'll have to leave thursday ,0
 i guess i must have attcked him then but it didnt feel that way  at all i was just sharing my truth ,0
 lmaoo im not sure but my mom was like were ganna go later on i hope (yn) but i still gotta ask my dad ,0
 oh no what happened ,0
 yep i was gonna see if jo wanted to go out but she didn't answer her phone nita was going to bed and you are going to bed ,0
 funny you should mention that i was at world market (cost plus) looking for caipirinha mix and they didn't have it ,0
 very cool no rush just wanted to make sure you got it i know you guys are going to have funwish i could have made it ,0
 i meant the babies ,0
  haters i have nothing else to do i'm a shut in ,0
 dude i miss you too ,0
 i cant find any to buy ,0
 and no bstage right im sad cover girl is no more ,0
 i'm at work she's at home ,0
   i'm not at conference  ,0
 that's not good  no ocean play for u next week ,0
 ouch ,0
 looking back into your own past hurts sometimes ,0
 cant find anything that will take up the whole screen ,0
 hey biohazard firefox was the spot last night i saw my love ariza and yet i falteredno words came to me  damnit,0
 rofl i heard from anna u were supposed to use proportion oh wells oooh i screwed up on centroids question too ,0
 naw i walk up 6 every day ez pz lmao yuh it was okay screwed up on at least 3mc &amp 3 short answer ,0
 i hate beer ,0
 well i did manage to laugh after i wiped out 2day losing my job  not funny ,0
 i'm working on my 2nd cup nower now it's gone  ,0
 sorry you're bald haha ,0
 i wish i could my mp3 player is in the car so i cant put it on it for the ride up ,0
 yeah we didn't see a lot of people  it was just a bad week to come i should be back in a month though hopefully,0
  it keeps the morning bus ride interesting but interacting with them might violate laws in 42 states  it's a summer camp ,0
 dudee ii thiink ii want a blackberry now ,0
 i hope your ok and feeling alot better babe ,0
 sounds like a good plan  i'll have to wait till i'm fully recovered from back surgery ,0
  cant vote cant open the dang site no bueno ,0
 your coisky brand isn't doing too well lookylikey cant make today as have to go out and do sommat else  ,0
 i wish i could track down a english audio version for mid  savage night is pretty heavy &amp dark but has some really hot scenes,0
 hey got your other message glad all is ok now here comes the storms good luck on bg electric outages ,0
 very very sad almost started crying this morning talking about it with karen  ,0
     @agentnoir wish i had been there  i accidentally doublebooked the night,0
  ugh i'm so sorry does she blame you for not making an effort to do stuff  shesh im so sorry,0
  ugh cant they understand that we try we do we do everything but it's just never enough when we come shortim sorry,0
 sorry for not making it to your jam last night  i was doing homework all day then i was too tired to go out  happybday,0
 why are you so anxious   is it because we've been seperated for so long  i'll see you wednesday  be safe flying babyyy,0
 noooo  i lost assassin's creed the same way but your loss is greater *sends flowers*,0
 mmm yur brkfast sounds alot tastier then mine   i'm havin a latte &amp cold cereal  nt a gd combo hot &amp cold lol,0
 you still with the nausea too  i think it's caused by a lack of amberygoodness,0
 i had a 2 weeker too  sigh classes just started on monday but midterms in 3 weeks why cant we all be rich brats,0
  sorry to hear that  but stay away from riley don't waste your time &amp yes i will be seeing you at work later ,0
  {disappointed},0
 i'm terrible at remembering birthdays ,0
 unfortunately i have to work 1close  makes me so sad but i may be in on some postbfd festivities back in the east bay,0
 how are you how is the workout plan going i've been in bed sick  3 wks til your wedding i know you are excited,0
 not a good night for cleveland  i did want to see a game 7 tho ,0
 me too  now i will definately cry @ the m&ampg i'm not ready for it either  it's too soon,0
 it will be great  i am soo glad that i upgraded sorry for reminding you about his tweet ,0
 and when you vote its adding votes to everyone else too ,0
 did it correct itself then some have had to send theirs in for work ,0
 lots of web pages that it doesn't seem to work right on  can't get it to select the text,0
 wondered where  was only to realise i missed it there's the hattrick gone  misidentify,0
 yea i don't c u in the chat room though ,0
 dammit i told her to send it  im sorry man i'm excited to see it send it my way,0
 im stuck at work till nine ,0
 lol complications and retarded doctors no one knows how to take care of me ,0
 i was totally being a good girl and didnt even drink had to come to work early  but i had like the worst sleep ever,0
 aww you didn't have a good time ,0
 ahhhh you lucky son of female dog (i kept it clean  ) i wish i was there ,0
 yeah and next weekend for me too  i'm partyfree until july now,0
 every time i get a text i think &quotoh wow who could this be that wants to talk to me&quot and then its just oh chery is at the gym ,0
 god i hope you don't end up with a box of melted chocolate ,0
 twitter does not support sina blog ,0
 lol end of story hahaand she's pretty too {   ,0
 dang it i wanna see you pa naman  let me know if you'll go huh,0
 by the way i really do think that clowns are evil they totally scare me ,0
 priority is getting him to &quotworking actor&quot status since tjb isn't monetized there's no budget at all ,0
 what crappy news  it's the same up herei'm amazed anyone is still employed the amount of huge cuts there's been,0
 i'm still confused  this is very annoying,0
 not with this child i thought she'd at least sleep til 7 after a late night last night but nooooo ,0
 i miss you ,0
 i didn't do it  it scared me ,0
  if you love something let it go free if it comes back love it forever,0
 we have a mexican place here in calidornia were we watch the kids play and drink margueritasfun  no slide though ,0
 so true online is definitely the future i watch all my tv online b/c i'm never home *as i sit n my hotel room* ,0
 seems to be rainy everywhere ,0
 ok i will go back to painting my house ,0
 i'm totally jealous here   what do i have 2 do 2 get some cc tweets sent my way   don't forget your peeps back in nyc,0
 have a wonderful weekend at home good day today (it's friday) but no otalia today (*tear*)  lots of love to you,0
 haha that made my day  wish i was in calidornia  tornado warnings cut into otalia today ,0
 can't say the same about the one with nicole valentino from tello ,0
 i'm sorry about freddie love  &lt3 hope you're ok,0
 hmmm i hope it doesn't go cold  got the saturdays on tuesday but more excitingly it's rent on wednesday,0
 he's playing juan ignacio chelawho's good on clay  very annoying fingers crossed though ,0
 did u go to the concert i wanted to go ssssoooo bad if u did  i can't wait to see either 930,0
 i've had it for over a year and no one gets my aperture laboratories coffee mug ,0
 wow what a horrible support experience i just had  i want a sql dba to call me it's a sql problem  why fight with me ,0
 good but feel guilty for not doing a vlog  i had a water fight instead and cbf to do my hair \ yourself &lt3,0
 root of all evil by any chance metal is getting well formulaic these days everyone wants to be linkin park ,0
 yay free moneys i want another one ,0
 you're left with the three c's coffee chocolate cheese if that doesn't work it's all over ,0
 omg that is awful $12k wow     our pyr figured out how to open a doorknobs one day by crushing them in her jaws and,0
 sulking i am not on favourite list ,0
 i can't see it ,0
 i know d i finally got my component cables for the ps2 in the other day and instead of playing p3fes i played oot ,0
  won't be out until august but maybe someone really fast will xlate it &lt3,0
 lucky dog i use the keurig at work all the time but at home all i have is a busted ol' instamatic contraption ,0
   leave it to texas i miss you texas ,0
 awww feel better sis  you got a cold,0
 aww im so jealous of you two dm's boo  i can't even get one,0
 i hate moments like that  i'm sorry,0
 could really use a hand as 3 of my support tickets were ignored would love to just get a real person for just one minute help ,0
 dude that's eff'ed up lol @ chris browning you we live so far apart and im afraid to fly ,0
 mean europe too  cause that whole thing bout them not coming really annoyed me ,0
 aww yeah sorry   i hate them  they arent even like the official fanclub team jonas is,0
   she has two dates in june  one in nevada and one in conneticut ohand two in ontario  ,0
 im in plainvilleee so i wont see you ,0
 u hurtin me w that new profile pic ,0
   temporary blindness is no joke ,0
 oh no i hope he is okay ,0
 not for me  lol looking forward to seeing you guys next weekend &quotproud momma&quot,0
 did u get my fb message rehope it helps  &lt3 u,0
 oh dear that did not make any sense what so ever ah ,0
 can't find herlost her &amp a couple more  ,0
 lol *hugs* babe ) hey heard of twitter deck by any chance you using it i can't seem to install it ,0
    hope all is ok,0
 i just cooked a pizza its not me and eds though ,0
 no it was for me  i have eczema and it always flares up when summer comes around ughhh so annoying,0
 funny thing i was going to fly and start a band w/certain songs prewritten in la this summer then funding was pulled ,0
 i miss you and cor cor too ,0
 afraid i can't dm you my math ur not following me ,0
 sad  nothing,0
 i'm curious to see how long it'll take the whole process took about a month for me ,0
 oh no crystal i haven't done one yet  not sure yet what to do if i do one &amp then will have to find out how to upload video ,0
 yeah he is but i can't wait for it grow back ,0
 oh god ive been there it sucks mostly because i love cats i had to give mine away ,0
 dsljfsdljf i'm completely jealous of you cruz ,0
 i willlsoon ,0
 i wish i was there ,0
 nothing left to do but sit back relax have fun and enjoy the ride lmbo xd,1
 notsugripp  via ,1
 o seara perfekta vodka &amp bertolucci (the dreamers),1
 off to kokomo to see if i can squeeze into this dress then shoe shopping with my seeester and visiting my brandice ,1
 oh man when you make fishhes you end up fishy,1
 ok good im not the only one this weather makes me so happy,1
 ok how about just pray for mental clarity while drumming today since &quotenough sleep&quot didn't happen  have  ,1
 omfg 730 ekkkkk im so excited to see paramore im only going cause paramore is going to be there ( and this is my birthday present,1
 on a big boat bobbing up and down on the thames sun shinning the aroma of our lunch filling the restaurant and a beer on it's way ,1
 one happy man right here people ,1
 i work at 1030 u,1
 iâ´m cold today is 12â°c here,1
 im a little spoiled brat   dont hate me for hacking you sista &gt33,1
 im am going to send some twits to some folk,1
 i'm awake it's amazin,1
 im bored anyone wanna talk,1
 i'm chill he's the one freaking out,1
 i'm confused with this twitter lark ,1
 i'm going to play with my camera today,1
 i'm gonna have some ramen and play a ff game haven't decided which yet,1
 i'm in a great mood but  i feel a little guilty q_q xd,1
 i'm in garden chillin',1
 i'm not cold,1
 i want to buy the game bayonetta and cosplay her definite video game vixen 3,1
 i will can you believe its been a month already,1
 i will watch supernatural now niahahahahaaa awesome show,1
 one more final then bye bye school,1
 ooh such a lovely morning xoxo,1
 paranoid looooooooove that song  good job amazing ,1
 party the sats+pixie24th party bbq party  &quotvacation&quot w the bestie forrrrreal dude xx,1
 patrick wolf came on to introduce serafina x x,1
 perfectly cooked halfboiled eggs + my favourite spoon and that homebrand dark soya sauce makes my day,1
 phewwww i did better then i expected on my midterm one more to gooo and then i ammm freeeeeeeeeeee ,1
 picking up new mcfly tickets at the venue so effing excited i nearly cried with relief haha,1
 please ,1
 ponte winery in temecula has amazing wines you should go out there and try it  love love the beverino cheers,1
 positivity inspiration from o magazine in a world full of negativity it is sometimes hard to stay positive ,1
 im not going to school today,1
 i'm off to sleep  goodnight tweetts  enjoy your day  xxx,1
 im pretty sure it would fit into my pants as well  its amazing but i jus found my tiny lil greg guy that i got from pbmall,1
 i'm rollin ova here smh caus i can imagine my daughter doin that rite now n she jumps sumtime too lol,1
 i'm smiling because i lost i lost 24 lbs so far join the thousands of losers ,1
 im so awesome ,1
 im so excited,1
 im so fucking rad *points at last tweet* only missed 3 tt's  which happen to be   and jbarsodmg haha done,1
 i'm so happy right now  &amp i have no idea why,1
 i'm surprisingly happy and people who make rumours obviously don't have a life,1
 im the happiest i could ever be   baby stayed with me at my elementary school  i love you babe,1
 random silly texts from great friends makes face and tummy hurt from laughing too much simple mind simple pleasures lol,1
 really lol,1
 relay for lifee,1
 revised biochemistry a bit  now taking a break  i've deserved it  letting go a bit xd,1
 sats       studio  jess's  killah q is back where the fuck is you,1
 she makes all the bullish worth it ,1
 i'm very very happy )lalalalala i'm in my taylor lautner world haha,1
 in a good mood,1